{"count":1,"gauges":{},"self":19.178888,"total":19.2689269,"children":{"AgentResetIfDone":{"count":913,"self":0.014811399999999999,"total":0.014811399999999999,"children":null},"AgentSendState":{"count":913,"self":0.0257871,"total":0.039825599999999996,"children":{"CollectObservations":{"count":913,"self":0.014038499999999999,"total":0.014038499999999999,"children":null}}},"DecideAction":{"count":913,"self":0.011590099999999999,"total":0.011590099999999999,"children":null},"AcademyStep":{"count":913,"self":0.0049289,"total":0.0049289,"children":null},"AgentAct":{"count":913,"self":0.0158805,"total":0.0158805,"children":null}}}